{"cameraMode":{"drawMode":0,"name":"Shaded","section":"Shading Mode"},"sceneLighting":true,"audioPlay":false,"sceneViewState":{"m_AlwaysRefresh":false,"showFog":true,"showSkybox":true,"showFlares":true,"showImageEffects":true,"showParticleSystems":true,"showVisualEffectGraphs":true,"m_FxEnabled":true},"in2DMode":false,"pivot":{"x":921.0359497070313,"y":467.7866516113281,"z":13.02589225769043},"rotation":{"x":-0.011999011971056462,"y":-0.011406207457184792,"z":0.00013728649355471134,"w":-0.9998682737350464},"size":834.2272338867188,"orthographic":false}